period,video_id,comment,published_at,like_count
before,bj7tdVNT30c,I’m pretty sure the constitutional right to human life trumps the right to privacy lol,2024-07-17T23:16:21Z,0
before,bj7tdVNT30c,It is an individual decision,2024-03-12T18:07:11Z,0
before,bj7tdVNT30c,"Thank you for the unbiased explanation, I've been too emotional to even think about this, but you made it much easier for me to address it with your calm voice 😊❤",2024-01-28T05:14:15Z,0
before,bj7tdVNT30c,Who leaker it?,2023-10-15T17:15:12Z,0
before,bj7tdVNT30c,"Sorry but your bias and disrespect is very apparent, using ""fancy"", snide tone of voice, etc. Please identify any other medical procedure that is addressed as a right in the Constitution. There is none. When Roe VS Wade was initially decided, this flaw was argued. To make it federal law, Congress would have to pass it. If you want respect for your profession which has failed the world these last several years and can no longer be trusted, then show respect for the Supreme Court and the Constitution which has worked for more than 200 years.",2023-01-06T18:05:19Z,0
before,bj7tdVNT30c,Same here. I used to be strongly pro life and have converted to strongly pro choice after receiving further education and critical thinking development,2022-06-25T18:14:52Z,8
before,bj7tdVNT30c,It happened. I'm in shock. Ladies go lez.,2022-06-24T18:51:50Z,4
before,bj7tdVNT30c,What happens if Roe V Wade is overturned? The same we had before Roe V Wade. Alot of bloody back alley's that's what.,2022-06-23T11:26:29Z,6
before,bj7tdVNT30c,"It's"" government overreach"" to ensure people take a vaccine to prevent the spread of a virus, but it's okay to force millions to give birth and jail them if they have an abortion.",2022-06-20T20:59:20Z,0
before,bj7tdVNT30c,"Where are the laws regulating men's bodies? Why should the government be allowed to force women to give birth, while cutting funds to education, healthcare, and raising the cost of living?",2022-06-20T20:22:57Z,8
before,bj7tdVNT30c,"The same GOP who 
1.said no to universal healthcare
2. voted no to childcare assistance
3. voted no to maternity leave
4. voted no to capping insulin at $35
5. voted no on gun reform
6. voted no to school lunch assistance
7. voted no to raising minimum wage
8. voted to lower taxes on the rich but want to raise taxes on poor and middle class.
These people now want forced birth.",2022-06-20T20:22:10Z,10
before,bj7tdVNT30c,Regardless of stance I would love to see these political figures care as much about kids being shot at school as they do about the unborn. That tells me it’s not about taking a human life if one has an abortion.,2022-06-18T03:18:42Z,8
before,bj7tdVNT30c,"This is a wonderful primer on the lay of the land. I wanted to provide a few notes on your civics lesson (not trying to law-splain).
@12:09 Lower courts doesn't have any derogatory or icky meaning. They are called lower courts because they are subordinate courts. Imagine it like appealing up the ranks in a company. You have the trial level (generally federal district courts), and if a party isn't satisfied with the outcome at the trial level, they appeal to the appropriate circuit court (1st Circuit, 2nd Circuit, 3rd Circuit, etc.)...It's like filing a complaint with the manager.  The appellate court has more weight than the trial court. If a party is not satisfied at the appellate court, then they can appeal to the Supreme Court (i.e., taking their complaint up the chain). An interesting thing to note is that the appellate level hears all appeals, but the Supreme Court chooses which cases it takes. So when they call them lower courts, it's not that their function is less important, they are a different rung in the process.
@12:20 The Supreme court doesn't hold trials and doesn't issue verdicts. It holds hearings, in which each side advocates their to explain why the subordinate court got the decision right or wrong, and how they encourage the Supreme Court to rule (the less glamorous aspect is that each side submits tons and tons of written briefs in support of their argument or things the Court should consider when they rule.).  The outcome is not a verdict. It is a ruling. The opinion is the explanation of the result or ruling.
@15:46 It's not ""months years decades"" of deliberation. At most it's a few years. The justices will decide whether to hear a case (remember they get to choose their cases), and then they will schedule it for argument. The Supreme Court term is October-June. Based on the argument date, that determines the deadlines for the interested parties to submit their written briefing. Once a case is heard, the decision will come out by the end of that term. So a ruling will be issued within that term or at least before the following October. (Historically they usually issue all decisions by June 30, but sometimes have gone into July. June 30 is not an absolute cut-off.) Occasionally, a court may decide to *rehear* a case before issuing a ruling. This actually happened with Roe v. Wade. It was first argued December 13, 1971, and when the judges couldn't reach a consensus, it was reargued October 11, 1972.  The decision wasn't released until January 1973. Brown v. Board of Education is also a famous case that was reargued. The issue may be brewing in the zeitgeist and in the subordinate courts for decades, but once it gets to SCOTUS, it takes a few years at most, usually months, not decades.",2022-06-14T03:55:37Z,1
before,bj7tdVNT30c,Don't Murder Your Children.,2022-06-12T22:54:21Z,0
before,bj7tdVNT30c,"I'm a loving mother of two awesome teenagers (daughter just graduated in top 10 of her high school class and off to college for engineering!). I had an abortion after my 2nd child. There - I said it in public for the first time. It was a wanted pregnancy for sure, yet for reasons I won't delve into here I opted to terminate. It was a VERY difficult period. Yet, that doesn't mean that it equals being the wrong choice. I'm so, so grateful for the OB/gyn female doctor I worked with. I've had a few episodes of sadness about it but I truly believe this was what was right for me, us. Really, this whole issue boils down to whether a WOMAN has autonomy and rights over her OWN body. My case was even more painful because I ended up having to terminate later than I would have liked due to the timing of certain diagnostic procedures. The whole thing is kind of a blur now but I remember these stretches of just waiting. For example, they weren't able to do the first test on me because my cervical opening was so constricted (2 prior pregnancies were c-sections) and the doctor refused to continue. So, then I had to wait for the next acceptable time frame for whatever the next diagnostic procedure was. It was agonizing. My point is that I had a later term abortion than I wanted yet it was kind of out of my control. Seems no one really talks about that. Thank you Liz for allowing me a place where I feel relatively safe bringing this up. Thank you SO much for all of your research you present about this issue!",2022-06-12T09:33:22Z,8
before,bj7tdVNT30c,"Thanks for the thoughtful video! I am sure this breakdown will help people get a better grasp on what is happening, regardless of their personal views on abortion. Much respect to you for the effort to present this in a neutral fashion! I am still in the flames shooting out of my ears level of frustration stage when thinking about their possible decision to overturn Roe.",2022-06-12T04:44:58Z,6
before,bj7tdVNT30c,"I’d like to offer a better analogy than kids in parents house for state vs federal
Law. The US is a republic and a better analogy would be a group of autonomous adults decide to join together to live in a house so they can all enjoy the benefits of each other’s strengths and compensate for weakness, eg facilitate trade, defend each other, etc. As a member, they are willing to cede some power and fall
under rules that benefit the union they’ve joined, but always have a say in that by representation (Congress)!",2022-06-11T15:20:21Z,0
before,bj7tdVNT30c,"Please address why, if abortion is legal in order to safeguard the lives of women, stand-alone abortion providers do not have to meet basic safety standards and, in fact, the pro-choice lobbyists fight those standards?

Please also address abortion centers being used to cover up rape, incest, and sex traffficking.",2022-06-10T13:30:26Z,2
before,bj7tdVNT30c,Pro choice just means anti responsibility,2022-06-10T10:37:48Z,0
before,bj7tdVNT30c,Wow 2022 and still fighting for woman’s rights. If abortions become illegal you best believe more mass shootings are gonna be happening by women,2022-06-10T05:19:51Z,0
before,bj7tdVNT30c,Subscribed immediately after I quite randomly came across the channel. Only listened to a couple of videos so far but will return to the start and go through as I get chance as I am very impressed with your style and content and will follow from now on for sure,2022-06-10T00:12:25Z,4
before,bj7tdVNT30c,"Direct experience with policy/law and its effect on people is a truly eye opening thing. I too changed my opinion as I experienced more, learned more, saw more of the effects of policy, and have written policies and assisted with legislation myself. It’s not the most exciting thing, but it certainly is educational. It has made me realize just how much bliss ignorance really is.",2022-06-10T00:03:17Z,6
before,bj7tdVNT30c,"I love your videos. So informative and unbiased, thanks for the civics 101 throwbacks as well, quite helpful and necessary :)",2022-06-09T23:20:38Z,5
before,bj7tdVNT30c,If the mothers life is in danger and wants to have an abortion can a state say that is not allowed?  For ectopic pregnancy?,2022-06-09T22:23:31Z,3
before,bj7tdVNT30c,Thank you for this! Great video!!,2022-06-09T21:02:05Z,5
before,bj7tdVNT30c,"Would you support ""paper"" abortions for men?",2022-06-09T18:57:20Z,0
before,bj7tdVNT30c,Murder isn't a right,2022-06-09T18:19:03Z,1
before,bj7tdVNT30c,Thanks for this information Nurse Liz! I’m no longer reproducing but this is so informative from one non law talking person to another. I’ve been so worried about what things might look like for my daughter and this helps the existential dread I’ve been feeling! I do wish the government would stay out of our healthcare and let providers make medical decisions.,2022-06-09T18:03:35Z,11
before,bj7tdVNT30c,Spread your frustrations correctly,2022-06-09T16:48:11Z,3
before,bj7tdVNT30c,"Ruth could have left while Obama was in ofc.  She decided to hold power as long as she possibly could, which happened to be when a republican president was in ofc.",2022-06-09T16:47:54Z,2
before,bj7tdVNT30c,Your bias is showing hugely,2022-06-09T16:46:56Z,1
before,bj7tdVNT30c,"WHAAAT?! The real bombshell was that you used to be prolife! I too was prolife before having a child. As a teen I was heavily indoctrinated with my parent’s Catholic beliefs and was taught that god this god that. Now that I’m in my early 20s I have the understanding that NOT EVERYONE is Christian, so I don’t have the right to chose for Atheist people or anyone else for that matter. What would I feel if I were mandated to circumcise my child in a Jewish ecclasia or to be ordered to wear a hijab even though I’m not Muslim. FREEDOM FOR ALL.",2022-06-09T16:10:08Z,0
before,bj7tdVNT30c,Tragically most ab0rtions are because of selfishness.,2022-06-09T15:26:30Z,4
before,bj7tdVNT30c,"I’m actually a Constitutional law junkie (if I hadn’t become a nurse, I would have become a lawyer). 

There’s a couple of comments that I would make. First of all, the parents and kids analogy isn’t 100% accurate. The Constitution isn’t about the powers of the federal government as much as it is (or is supposed to be) a check on the powers of the federal government. Many of these checks have been eroded due to the actions of Woodrow Wilson and FDR and then just a continued slow erosion since then. 

Returning abortion laws to the states is just one thing that would start working towards returning the United States back to its original form of a Constitutional republic. The more local to you government decisions are made, the more power that you, as a citizen, have. Because of this, all decision making should be done at the the most local practical level of government.

This is an opportunity and a call for individual citizens to become more active in government (and stop sleeping through civics. Stop it. Civics is IMPORTANT!) It doesn’t matter if you have kids or not, make sure you know who is on your local school board and what kids are learning. Make sure you know your city council members. All levels of city, county, and state government is more accessible to you, as a citizen, more responsible and accountable to you and should therefore be the levels of government where things are managed unless they are powers specifically granted to the federal government by the constitution.

I’m a huge proponent of slashing everything from the federal government that isn’t an enumerated power and returning ALL of it to the states. Yes, there would be adjustment pains but in the long run you would see a more effective, more accountable to the citizens government… more involved and aware citizens, and a leaner, less bloated and FAR less costly federal government. 

It would also cut down on a LOT of animosity. POTUS is NOT supposed to be “king of the world” and by returning the federal government to its constitutionally enumerated powers, we strip that role back down to an appropriate level of influence and importance.",2022-06-09T15:19:34Z,6
before,bj7tdVNT30c,"He's right that Roe v. Wade was founded on garbage law - even RBG agreed.  What's even more true is that it was founded on primitive science, which is bound to result in unsettled law.",2022-06-09T15:07:54Z,0
before,bj7tdVNT30c,"Make no doubt…they will be coming after birth control, gay marriage and gay rights. Overturning R V. W is just the tip of the iceberg.",2022-06-09T15:02:37Z,0
before,bj7tdVNT30c,Very strange country we live in.,2022-06-09T14:45:10Z,8
before,bj7tdVNT30c,If Roe vs Wade is reversed it would be a HUGE step backwards ‼️‼️🤨🤨😱😰😢,2022-06-09T14:21:11Z,12
before,bj7tdVNT30c,my high school didn't have civics class!,2022-06-09T14:05:32Z,2
before,bj7tdVNT30c,Keep up the greatness Liz.   You’re a true pioneer.  Very inspirational,2022-06-09T13:55:22Z,10
before,IKebCANuirA,Let's circle back the LSD flower child's of the 60s know Peter doocy is voice for Americans OKLAHOMANS want  gov of ok put death penalty on child trafficking longer prison time kidnapping child porn Americans has voted Biden admin has no country or flag someone add,2022-05-22T15:11:01Z,0
before,IKebCANuirA,Jen needs some jail time too according to the constitution it is a crime to break their Oath an Jen has definitely done that daily,2022-05-09T01:57:26Z,0
before,IKebCANuirA,FIRST WATCH is doing a investigation too,2022-05-09T01:54:56Z,0
before,IKebCANuirA,"SCHUMER NEEDS to go to jail for a hate crime for threatening the judges, he has caused idiots to go to there homes an it threatens the families too .",2022-05-09T01:54:15Z,0
before,IKebCANuirA,They'll be no consequences. Why should there be. Democrats are not concerned with the Republican politicians and why should they be.,2022-05-07T18:47:50Z,0
before,IKebCANuirA,Peppermint Patti still telling lies,2022-05-06T16:14:25Z,0
before,IKebCANuirA,"So the right wing Justice loaded Supreme Court were discussing how to overthrow Roe Vs. Wade and thought they could do so without the American people finding out... Nothing the religious fanatical right wing does stays hidden for very long . They should know this by now .  I would not be at all surprised that the "" leak "" came from the Court itself. Which it did . Because that's where the conspiracy started. Sen. Tom Cotton stated that if they could it would help the republican party in Nov. 2022.  It would help the Democrats . I do see how starting an insurrection would help the Republican Party get tarred and feathered and run out of Washington on a rail  Sen. Cotton.",2022-05-05T18:41:22Z,0
before,IKebCANuirA,These dems are CROOKS!,2022-05-05T18:36:18Z,0
before,IKebCANuirA,"Another veteran cracked up today... Earlier this week veteran attacked at clinic by staff... Unconscious. Bang up job federal government, killing veterans wholesale.",2022-05-05T04:30:00Z,0
before,IKebCANuirA,We got rid of mayorkas a save this USA..he's no good for our homeland security letting illegal in w drugs a lost too many Americans..what does it take he need to mayorkas is lieing to our courts ..Needs to Impeach him a traitor to us..lies to our federal courts a our senators see this kick him out..Now..senators vote for Impeachment..,2022-05-05T02:06:32Z,0
before,IKebCANuirA,Sad they are we need to let this USA..,2022-05-05T01:26:31Z,0
before,IKebCANuirA,Democrats a Republicans need to work together a solve this now so we getusa back..,2022-05-05T01:24:52Z,0
before,IKebCANuirA,I won’t hold my breath till someone is held accountable. Prolly be dead by then.,2022-05-04T23:32:24Z,2
before,IKebCANuirA,GOD BLESS SENATOR COTTON! 👏👏🙌❤️🇺🇲❤️🌼💗,2022-05-04T23:23:16Z,1
before,IKebCANuirA,The Democraties Party Including Chuckie Schumer and Nancy Pelosi and Dick Durbin and President Bilden and Vice-president Harris are behind the Rots and Violence across the Country they love this high Taxes High Gasoline Prices Homeless High Food Prices High Crimes that are Committed by Crimmals and Abortionis they love all this Lawless,2022-05-04T23:15:11Z,0
before,IKebCANuirA,Funny thing is round about the time of the incident mitch was seen swapping brown envelopes with pelosi wtf 😳,2022-05-04T22:47:53Z,0
before,IKebCANuirA,"Probably the fbi that leaked it, come on they have zero credibility with the people of this country.",2022-05-04T21:56:42Z,0
before,IKebCANuirA,We need to dismantle the entire government.  Starr from scratch,2022-05-04T21:49:18Z,0
before,IKebCANuirA,HOLY SPIRIT FIRE reveal the Truth. Amen.,2022-05-04T21:35:21Z,1
before,IKebCANuirA,"..let's complain together,  that will help.  Mitch   and fox is full of lies",2022-05-04T01:59:40Z,1
before,IKebCANuirA,all the pro life people should have to adopt the children they claim to care about.   y'all infuriate me.  have a nice day,2022-05-04T01:52:07Z,0
before,IKebCANuirA,"Tom Cotton is an American hero for stepping up and factually and condemning the liberal Democrats, Schumer has a short memory. Just last year he called out select justices for not doing what he wants. We can't vote him out of office soon enough",2022-05-04T01:36:00Z,4
before,IKebCANuirA,Thank You Sen. Tom Cotton for fighting for US !!! Thank you FOX NEWS for not airing the nauseating video of the Mary Poppins Truth Czar - eek !!!,2022-05-04T01:00:28Z,0
before,IKebCANuirA,They did delete thousands of people from Twitter and Facebook for telling the truth about masks and hcq and other treatments that work on cv19,2022-05-03T23:53:36Z,0
before,IKebCANuirA,They are corrupt and have been raping and stealing our freedoms and money for decades and they do not want to give that control up!,2022-05-03T23:48:55Z,0
before,IKebCANuirA,"Don't get pregnant if you don''t want the baby, don't have sex in other words if you can't handle the consequences.  Total barbarians when it comes to this.  Oh,, lets just kill the baby.  Its too bad supporters for this were not aborted.",2022-05-03T23:21:24Z,0
before,IKebCANuirA,"It is pretty sick how Democrats get someone to leak the supreme courts preliminary decision on such a matter as abortion.  Stop and think about what that is.. It's killing a vital human being  growing inside the mother.  It is murder,, otherwise a person who murders a pregnant WOMAN not birthing people,, a female who is pregnant,, she gets murdered guess what charges the murderer gets hit with:  Double homicide.   Any questions?   It's murder and a pretty sick way of pulling limbs off the baby,, squishing it's head so the brain matter squirts out then they put the pieces together again like a puzzle to make sure they did not leave part of the baby inside.   That is sick in and of itself.  To think a mother would let that happen to her unborn baby.  People are standing up for this supporting it.  What a sick world we live in.",2022-05-03T23:19:24Z,0
before,IKebCANuirA,"Deplorable the left will stop at nothing - if it means your rights , free speech, your children, your health, your savings - they don’t care.",2022-05-03T22:59:01Z,0
before,IKebCANuirA,"Treason ; defined as , intentionally betraying one's  allegiance by levying war against the government or giving aid or comfort to the enemy. 
     Treason is the highest of all crimes.",2022-05-03T22:57:31Z,5
before,IKebCANuirA,41,2022-05-03T22:45:27Z,1
before,IKebCANuirA,Vaccine and Democrat EVIL 😈 and World .,2022-05-03T22:42:25Z,1
before,IKebCANuirA,Jen looks unwell!!🥳🥳🥳,2022-05-03T22:27:56Z,0
before,IKebCANuirA,"Do not underestimate the democrat’s fascination with establishing a totalitarian communist government in the United States. The dems have always had a love affair with communism as demonstrated by the democrat Boland amendment allowing communism to take root in Nicaragua. The dems believe that they can run a communist government in America better than Russia or China. Today, the democrat party should be called the American Communist Party.",2022-05-03T22:16:26Z,0
before,IKebCANuirA,Well said Senator Cotton!,2022-05-03T22:10:49Z,9
before,IKebCANuirA,Senator stop being rediculous.  Republicans fund raise off of anything,2022-05-03T21:58:05Z,0
before,IKebCANuirA,Gutless cowards,2022-05-03T21:55:58Z,0
before,IKebCANuirA,"While you're making demands, demand something be done with the VA.",2022-05-03T21:55:31Z,1
before,IKebCANuirA,So Senator who leaked this?  Was it a Republican leak.  Senator in November of 2020 the Republicans didn’t get their way and look what Trump did.,2022-05-03T21:54:00Z,0
before,IKebCANuirA,"I haven't heard anything about Covid19 in over a week ! It's wonderful....on the flip side , all I hear about now  is Russia and Ukraine and now Roe vs Wade .",2022-05-03T21:38:12Z,2
before,IKebCANuirA,Because it's just got to stop I can't wait to November these dems are going down you Marxist socialist bastards,2022-05-03T21:22:57Z,0
before,IKebCANuirA,JEN PSAKI MAKES ME SICK!,2022-05-03T21:10:02Z,0
before,IKebCANuirA,"Thank God for the GOOD US Congress Members that truIy SERVE OUR Country and WE, the PeopIe's concerns and issues.  May God BIess, protect, and guide these wonderfuI PubIic Servants.",2022-05-03T20:38:05Z,5
before,IKebCANuirA,"Keep going Tom. We love you in Paris, AR. Lee's House again I hope.",2022-05-03T20:36:39Z,11
before,IKebCANuirA,"Which lives matter this week, all or none or is it something in between.",2022-05-03T19:45:30Z,3
before,IKebCANuirA,"Get rid of government privilege of being able to lie , call for violence and enriching themselves. Jail time for everyone in this installed administration. They have been laundering trillions",2022-05-03T19:22:58Z,0
before,IKebCANuirA,Mothers day is going to be a blowout this year lol.,2022-05-03T19:14:23Z,6
before,IKebCANuirA,Has Justice Brown begun her term?,2022-05-03T19:12:36Z,1
before,IKebCANuirA,"Biden made it clear that he has no problem openly doing anything with Russia
Do something🙏🏻🙏🏻🙏🏻🙏🏻🙏🏻🙏🏻",2022-05-03T19:08:35Z,0
before,dxv0NoIFboU,"Put your trust not in this world nor the things in it. It's not going to last. But Lord Jesus Christ, the risen Savior suffered, bled, and died on the cross for your sins. He was buried and rose on the 3rd day according to the scriptures! He is the Only Begotten Son of the Living God of the heavens and earth! He is the ONLY way to eternal life. He bore your sins and wants you to come by faith and believe on Him. Repent of your sins and trust in Him. Confess Him as your Lord and Savior. He's coming back to earth soon to gather those who have put their trust and faith in Him alone. You don't need to fear  the end of this world He's going to judge evil people and those who refuse to trust in Him. They experience God's wrath and they will be punished  eternally. Those who trust in Jesus Christ are SAFE! HE IS OUR ONLY HOPE. 
No good person, good behavior or money can save you!!! 
No earthly plan can save you!!! 
Only Jesus Christ gives you the chance to be born again through faith in Him and security. 
His gift of eternal life is FREE, but it costed Him everything. 
Don't waste your chance to be free from sin and receive eternal life!❤️",2022-05-08T09:13:12Z,0
before,dxv0NoIFboU,"I don’t understand, overturning Roe v Wade will NOT stop your ability to get abortions, nitwits!!! Sheesh, can’t anyone READ?",2022-05-08T06:52:56Z,0
before,dxv0NoIFboU,"Ești un idol bigasss.uno mereu în inima mea 💋 frumos, dragoste, alegere, cultural. Sunt unul dintrec cele mai bune concerte....",2022-05-08T06:16:15Z,0
before,8YJ3L8y6TZU,Can't imagine people who think it's okay to force women to go full term and make sure women don't have a choice about their own bodies,2022-06-25T03:02:13Z,1
before,8YJ3L8y6TZU,I can’t imagine the depravity present in someone’s mind that they would fight this hard to kill babies.,2022-05-05T21:43:34Z,4
before,XpFj9XfFcyE,Free Abortion on Demand,2026-05-31T13:19:58Z,0
before,XpFj9XfFcyE,They have abortion if it's not a soulmate child❤,2023-04-06T19:32:37Z,0
before,XpFj9XfFcyE,This makes me sick,2022-08-29T00:03:41Z,0
before,XpFj9XfFcyE,"Greetings,
It appears to me that New York still has access or abortions.  So, Roe has not been overturned in New York.  Am I wrong?
Chief Ken Bauer (Ret)",2022-06-27T22:24:53Z,0
before,XpFj9XfFcyE,"How many of these Hypocrites were recently demonstrating against gun ownership because they wanted to keep children ""safe"".",2022-06-27T11:02:51Z,0
before,XpFj9XfFcyE,When did we stop using fire hoses on these guys? They look like they could use a wash!,2022-06-25T19:00:36Z,0
before,XpFj9XfFcyE,Women arguably and justifiably make a stand for having sole ownership of rights to our bodies and now suffer lack resources re: baby formula shortages and shortages of feminine products are clear examples of male chauvinism that further points to spiritual wickedness in high places.,2022-06-23T03:56:17Z,0
before,XpFj9XfFcyE,"This is about the fundamental destruction of the family unit.
This is about CHILD SACRIFICE .
THE MASK IS OFF!! This is about HATE.",2022-05-14T23:44:51Z,0
before,XpFj9XfFcyE,Demons in action. Listen to how childish and spioled and mean. No compassion at all and total cynicism. Fully surrounded by 😈 😈 😈 Demons. They need your prayers.,2022-05-14T19:21:24Z,1
before,XpFj9XfFcyE,This is only about Murder. Nothing else. Don't let them fool you under the guise of racism and other rights. Please 🙏 pray,2022-05-14T19:19:00Z,0
before,XpFj9XfFcyE,"Jeremiah 1:5. ""Before I formed you in the womb I knew you, before you were born I set you apart.""
  Says the LORD.   Even before conception there is life. Abortion is Murder. Please pray",2022-05-14T19:17:41Z,1
before,XpFj9XfFcyE,Earthquake Kelly heard from Jesus himself that abortion is wrong and must be stopped ! he said this is serious ! this is serious! there was something they were suppose to do for the kingdom of God.,2022-05-11T00:16:46Z,0
before,XpFj9XfFcyE,So proud to be a woman..so proud of you all.,2022-05-06T16:36:15Z,0
before,XpFj9XfFcyE,Reproductive rights are an oxymoron to abortionists.,2022-05-06T01:02:31Z,0
before,XpFj9XfFcyE,Arrest all the killers ‼️,2022-05-04T21:52:07Z,0
before,XpFj9XfFcyE,Arrest all the killers.,2022-05-04T21:51:31Z,0
before,XpFj9XfFcyE,"It's not very ""reproductive"" to kill a baby that will eventually be able to reproduce. #StopKillingBabies",2022-05-04T18:30:04Z,0
before,XpFj9XfFcyE,Oh no!  Insurrection by babyhaters ! Start an immediate congressional inquiry!,2022-05-04T18:20:36Z,0
before,XpFj9XfFcyE,Hmm I guess you should never miss an opportunity to pander for money,2022-05-04T14:53:16Z,1
before,XpFj9XfFcyE,"Evil. Absolute evil. Abortion 👏 is 👏 murder 👏 
Slippery slope. Women will be allowed to murder their born babies soon. California is already considering it. Parading under women’s rights is offensive. Say what it is. Selfish person’s rights. A real woman wouldn’t kill her baby.",2022-05-04T14:32:21Z,0
before,XpFj9XfFcyE,Let's keep abortion for that city and neighborhood. Please. Look at the clients.,2022-05-04T12:09:08Z,0
before,XpFj9XfFcyE,Your body your rights...?? I didn't saw anyone claiming that so passionate when it had to do with mandatory  covid vaccinations! Wasn't it you body and your choice???Where exactly where all of your folks when it came to the point that we have no rights relevant to our (everyone's) bodies????,2022-05-04T12:05:40Z,3
before,XpFj9XfFcyE,Camera man sucks,2022-05-04T11:38:04Z,0
before,XpFj9XfFcyE,"Mikes, podiums, venues, signs, non working people all assembled in two days...no protests for gas and food.  Leaked my azz!",2022-05-04T10:58:20Z,1
before,XpFj9XfFcyE,USA IS MESSED UP. PROMOTING THESE BABY KILLERS.,2022-05-04T10:40:28Z,0
before,XpFj9XfFcyE,If Reproductive Rights for woman includes abortion does parenting rights include infanticide?,2022-05-04T10:01:10Z,4
before,XpFj9XfFcyE,pay for your own murder of babies stop using my tax dollars to fund murder.  !!!!,2022-05-04T01:42:04Z,0
before,XpFj9XfFcyE,"Hare Krishna Hare Krishna Krishna Krishna Hare Hare Hare Rama Hare Rama Rama Rama Hare Hare
%%%%",2022-05-04T01:41:07Z,0
before,XpFj9XfFcyE,all the pedo rapers are out there .  when they rape their kids and keep bring them to planned parent hood to get abortions and tbey do nothing about it .    shut down planned murder hood.  and pass out free bith control pills!!!!!,2022-05-04T01:38:15Z,0
before,XpFj9XfFcyE,you have the right to be responsible.  murdering babies at 6months old is discusting 24 months  to make you feel better.  abortion after 30 days is murder.  i hope they over turn this .  in your face 165.  !!!.  satan rules your thoughts and brains .  diagaceful.  .  reproductive rights my ass.,2022-05-04T01:33:10Z,0
before,XpFj9XfFcyE,"The fastest GOP and now sound like the Taliban 
They should be impeached and put in jail they they are the fascist appointed Scotus",2022-05-04T01:07:49Z,0
before,XpFj9XfFcyE,Do they have those signs in a warehouse?  That was really fast. That started with the sun,2022-05-04T00:51:47Z,3
before,XpFj9XfFcyE,2500 babies killed everyday in America.,2022-05-04T00:48:17Z,0
before,XpFj9XfFcyE,First they cry that they can’t groom children to molest them now they are mad they can’t kill them.Can we just have the civil war already and get rid of the evil?,2022-05-04T00:36:49Z,0
before,XpFj9XfFcyE,What are these women complaining about. Roe will be overturned and the the abortion right will be returned to the States so they can abort all they want in the blue states.,2022-05-04T00:26:50Z,0
before,XpFj9XfFcyE,"You go girl…
So the goal was for Republican men to get their Republican women to stop having sex with them? Dang.",2022-05-04T00:13:43Z,0
after,8yiObBm6pT4,"If, you practice sexual maturity, you wouldnt need Roe vs Wade
 😂",2024-01-22T19:19:59Z,0
after,8yiObBm6pT4,"People believe what they want. Medical science proves babies are alive in the womb and feel pain. Hamas is reportedly burning and beheading children,  a heinous act of immense purportions indeed. Such barbarity must be punished.  Just as evil, is pulling apart a baby in it's mother's womb when videos clearly show they panic and scream in pain as they are being killed!",2023-10-11T23:03:02Z,0
after,8yiObBm6pT4,Kamala made decisions about her own body …a horizontal one 😂to sleep with married men to get on top …,2023-06-30T23:18:34Z,0
after,8yiObBm6pT4,What happened to women in USA ?!!! 🤯🤯🤯,2023-06-30T23:16:36Z,1
after,8yiObBm6pT4,"For people who believe that abortion is murder, a candidate’s position on other issues is irrelevant. The slaughter of children cannot be equated to any other social, cultural or political issue. It is also irrelevant that most political offices have no impact on abortion. If a candidate is a member of the Ku Klux Klan, voters will not ignore that just because the office he is seeking has no impact on racial issues. That dynamic also applies in this case. People who support legalized abortion are not morally qualified to serve in any public office.",2023-06-27T01:54:24Z,1
after,8yiObBm6pT4,"Would it not be better to use birth control than to murder an unborn child? If you're old enough to have sex than you are old enough to have a job to pay for birth control. Why should ""we the people"" pay for your abortions?",2023-06-26T01:11:47Z,0
after,8yiObBm6pT4,That was already a year ago? Time flies.,2023-06-26T00:37:33Z,5
after,8yiObBm6pT4,"Bill Burr "" Abortion""
A   Y o u T ub e must see
"" It's a Baby, Birthday Cake analogy""",2023-06-25T19:46:09Z,0
after,8yiObBm6pT4,What about the baby's right for life?.... freedom to live !!!!,2023-06-25T17:24:00Z,3
after,8yiObBm6pT4,These women got a chance to live and breathe. Imagine if their parents had the same opinion as these women they wouldn't be on this earth. So harris or whatever your name is. They have a baby in them so it's not their bodies,2023-06-25T16:28:21Z,0
after,8yiObBm6pT4,"Yup, they don’t care about the fathers of the babies they are killing…..",2023-06-25T15:29:37Z,2
after,8yiObBm6pT4,"L  aborto è. Sempre esistito
Di nascosto…,
Poi diventato legge
Poi la pillola del giorno dopo
La sterilizzazione
C è ampia scelta
Deve essere la
Donna a prevenire con spirale o pillola
Le gravidanze
Indesiderate
Non è necessario fare 
Casino per
Qual si voglia🙂😉",2023-06-25T14:45:31Z,0
after,8yiObBm6pT4,"The wealthy folks want your kids.  They're just taking it from the women who can't afford to keep them, making you pay for feeding it through pregnancy to save themselves the money.  Poor women can't afford to feed themselves through a pregnancy.  You are endangering the women and the children's lives by forcing them to do something they can't manage.",2023-06-25T12:20:15Z,1
after,8yiObBm6pT4,"If abortion wasn't profitable, it would have never ever been an issue. Everyone knows why abortion is bad, some people just lie to themselves because the truth is harder to swallow.",2023-06-25T10:57:07Z,1
after,8yiObBm6pT4,"Abortion is murder but guns in every family home, the number one cause of child deaths in the USA, is “freedom”.",2023-06-25T09:58:23Z,1
after,8yiObBm6pT4,These people out of their minds,2023-06-25T09:34:44Z,6
after,8yiObBm6pT4,Lady they do have an option it's called Close legs.,2023-06-25T09:34:22Z,4
after,8yiObBm6pT4,Abortion is murder. You're taking a life of a baby so that's considered a murder your people live in a delusion.,2023-06-25T09:33:06Z,2
after,8yiObBm6pT4,The fact is you are protesting for government to approve of murder. America REPENT!!!,2023-06-25T08:28:17Z,3
after,8yiObBm6pT4,These leftist are mentally ill and planned parenthood makes millions off the killings of these poor babies.,2023-06-25T04:50:45Z,2
after,8yiObBm6pT4,"Why don't they all just practice birth control? Why don't they just choose this option instead of murder? Is it that hard to do, seriously?",2023-06-25T04:19:18Z,3
after,8yiObBm6pT4,This has nothing to do with Canada. Typical Global just trying to distract from the mess Trudeau has created here in Canada. Trudeau funded media. Smh.,2023-06-25T04:18:49Z,3
after,8yiObBm6pT4,2023 USA = Men trying to Control Women's Bodies,2023-06-25T04:17:25Z,1
after,8yiObBm6pT4,Feminist everywhere !!!,2023-06-25T03:44:26Z,1
after,8yiObBm6pT4,"According to the most recent Gallup polling data on the subject (May 2023):

71% of American women think abortion should be allowed in the first trimester.
40% of American women think abortion should be allowed in the second trimester.
25% of American women think abortion should be allowed in the third trimester.

And yet the ""news"" media would have you believe it's either no restrictions on abortions or a complete prohibition on abortions.",2023-06-25T02:45:09Z,9
after,8yiObBm6pT4,Abortion is barbaric. There are plenty of ways to keep from getting pregnant now in this day and age…. use them.,2023-06-25T02:43:52Z,3
after,8yiObBm6pT4,"Global, your Liberal bias is showing.

No surprise that not once have you aired that the decision was terrible law to begin with, and the overturning corrected an incorrect decision in the context of what's allowed per the constitution. Also, all that happened is that the decision was put back to the state level, where it always should have been.

But, keep focusing on your low-informed mouth breathing watchers to help keep you in business through your Federal Liberal payment life line (yes, that's what it is).",2023-06-25T01:57:44Z,2
after,8yiObBm6pT4,"Muslims protested against Justin Trudeau all over Canada today They had marches in Ottawa, Toronto and there is one in Calgary tonight😐",2023-06-25T01:47:50Z,5
after,8yiObBm6pT4,"The world is going backwards, but not going more progressive. Sad isn't it? 😢😮",2023-06-25T01:41:37Z,3
after,8yiObBm6pT4,Imagine somebody so committed to sensuality they won't pause to lower the sunvisor and thus avoid running over a child.,2023-06-25T01:07:33Z,1
after,8yiObBm6pT4,"No sex or birth control If you dont want it,give it up not murder it",2023-06-25T00:39:41Z,6
after,8yiObBm6pT4,"Abortion is Murder capital one There is no grey area Once the SPARKOFLIFE happens,your egg becomes a,human life Its no longer yours You are only its family ,caregiver",2023-06-25T00:37:28Z,1
after,8yiObBm6pT4,"This is a very complex topic and while I'm all about saving babies I'm not about to make that decision for someone else. The only birth control method that's 100% effective for vaginal intercourse is abstinence and carrying a child is a very personal choice. Then there is also the consideration of rape, incest, medical complications, and economic standing. I'm all for building better programs to support women in making better choices but you can't just take away a reliable, safe, and effective medical treatment without first creating something better. Maybe these Pro Life people could do something about that instead of actively trying to take away other people's rights to make themselves feel better about the crazy world we live in.",2023-06-25T00:27:58Z,14
after,8yiObBm6pT4,FOOLS,2023-06-25T00:15:43Z,4
after,8yiObBm6pT4,Anyone killing babies is going straight to hell,2023-06-24T23:54:42Z,12
after,8yiObBm6pT4,"Sorry , but it is NOT YOUR OWN BODY when you are Aborting another BODY OF HUMAN LIFE ! ✨🙏
Except in special circumstances .",2023-06-24T23:54:04Z,5
after,8yiObBm6pT4,Birth control is far to complex for the low intelligence left but abortion is simple.,2023-06-24T23:51:54Z,3
after,8yiObBm6pT4,No women has the right to determine life or play God. Get over yourselves and be better educated about sex and protection. Also no women should choose when it takes 2,2023-06-24T23:46:00Z,5
after,8yiObBm6pT4,"But you got vaxed.💉..Why not march for condom use then you dont have to worry about the lower economic strata abortions...
Imagine if all the marching ladies Parents had an abortion.
Before the condom breaking argument is said the amount of abortions 750,000 per Year JUST in the USA are because no condom was used. All that unprotected sex also means risky Std behaviour",2023-06-24T23:44:00Z,1
after,8yiObBm6pT4,Abortions saves lives? Your killing life!,2023-06-24T23:43:07Z,5
after,8yiObBm6pT4,Baby killers.. gross,2023-06-24T23:40:38Z,6
after,8yiObBm6pT4,Is 15 weeks not enough time to make a decision? These people always brag about how they should be like European countries. Well now you are when it comes to abortions.,2023-06-24T23:14:53Z,1
after,8yiObBm6pT4,"Sad really, the self centered on masse........",2023-06-24T23:13:03Z,4
after,8yiObBm6pT4,"What a evil world that we are living now a day!
It is not enough people being Gay and refusing to have children now they wanna kill them. May almighty help these murders!",2023-06-24T23:11:51Z,8
after,8yiObBm6pT4,Yes❤❤❤❤❤ love 😘😘,2023-06-24T23:10:28Z,1
after,8yiObBm6pT4,"Sick to think people would march to kill baby's, we need God back in our country.",2023-06-24T23:00:01Z,2
after,8yiObBm6pT4,Abortion is killing……be willing to face the consequences of your choice.,2023-06-24T23:00:00Z,2
after,8yiObBm6pT4,"""Abortion saves lives."" Really? It kills unborn children. These people are deluded.",2023-06-24T22:53:30Z,3
after,8yiObBm6pT4,"""Abortion rights?"" I don't think so! There is no right to murder a child at ANY stage of development. A little known fact is that not all, but thousands of German women that were raped and became pregnant by invading Soviet soldiers in Germany, 1945 kept their babies, or gave them up for adoption.",2023-06-24T22:49:32Z,1
after,8yiObBm6pT4,"Canada 🍁 🇨🇦 💥💥💥
Freedom and women having a choice to decide one way or another. 💥🇨🇦🍁",2023-06-24T22:47:03Z,15
after,8yiObBm6pT4,Baby murderers mad,2023-06-24T22:46:17Z,28
after,8yiObBm6pT4,"If people think abortion is a good thing , they better read the Bible. PROVERBS chapter 6, verse 17, a deadly sin against GOD, HANDS THAT SHED INNOCENT BLOOD!!!!!!!Also ,they just want the vote from these women and it's, BIG BUSINESS SELLING BABY BODY PARTS!!!!!!🤔🤨🤬💔🖤",2023-06-24T22:40:10Z,1
after,8yiObBm6pT4,God bless you Biden,2023-06-24T22:39:00Z,3
after,8yiObBm6pT4,"Abortions saves lives?  Really, it doesn't kill your unborn? Whew, thank goodness for that then.",2023-06-24T22:36:28Z,3
after,8yiObBm6pT4,It’s also a tragedy for a woman who did want a baby but the fetus died in the womb - to be told by the hospital she can’t get the dead fetus out and to go home hoping her body may expel it or possibly get a life threatening infection,2023-06-24T22:34:40Z,15
after,8yiObBm6pT4,"I still find it so damn stupid it was illegalized in the first place, seriously what the hell",2023-06-24T22:33:29Z,5
after,8yiObBm6pT4,"How do you get to hell?
Very simple: claim that you're innocent.

How do you get to heaven?
Very simple: Admit that you're not Innocent, you're guilty and ask for mercy.

How to know if you're guilty or not?
Simply: Compare your life to the Ten Commandments God gave you in the Bible.
Everyone agrees that if people followed the ten commandments there would be no need for governments or police.

Do not lie.
Do not steal.
Do not commit adultery.
Do not insult God by using his name as a cuss word.
There are six more but let's just leave it at that.

How many lies have you told in your life?

Have you ever taken anything that didn't belong to you?

Jesus said, if you look at a women lustfully you've already committed adultery in your heart with that woman.
How many times a day do you do that?

Do you use God's name as a cuss word?
Would you do that with your own mother's name?

If you answer these questions honestly you know that you're guilty.

God can justly punish you and send you to hell.

Ask him for mercy.
His name is Jesus.

It's as simple as this, The Ten Commandments are called the moral law. You and I broke God's laws. Jesus paid the fine.
The fine is death.

Ezekiel 18:20 — 
""The soul who sins shall die.

That's why Jesus had to die on the cross for our sins. This is why God is able to give us Mercy.

Option A.
You die for your own sins.

Option B.
Ask for mercy and accept that Jesus died on the cross for you.

❤❤❤


....",2023-06-24T22:30:06Z,8
after,8yiObBm6pT4,"Without Biden, we get the 82 percent",2023-06-24T22:29:19Z,0
after,BQzJTa4FKK4,"https://youtu.be/I_BXQlr9H3k Evidence pro-life christians killing LGBT+

Problem with pro-life is they really just trying to force bible no care for life thats why they gave gun rights to shoot kids at schools and want take away LGBT+ rights to revive death penalty on gays did you know Christianity had death penalty in West half world in 1790 the same countries the murderd gays are same countries that now legalize same sex marriage you seeing the pattern here Christians will kill LGBT+ if they get their way. These countries with death penalty for sexuality and gender were Christianity governments.",2022-07-16T07:49:17Z,0
after,BQzJTa4FKK4,"Oh No, women have to take responsibility of their choices instead of being a wide open sperm receptacle.",2022-06-30T20:15:20Z,0
after,BQzJTa4FKK4,Ban Post miscarriage care... they are trying to kill all the women. This is a fight for our lives ladies. wTH is going on.,2022-06-26T00:37:29Z,0
after,BQzJTa4FKK4,Mandatory Vasectomies,2022-06-26T00:34:33Z,0
after,BQzJTa4FKK4,Thank You so very much lord Jesus! And a big thanks to President Trump,2022-06-25T16:50:30Z,1
after,BQzJTa4FKK4,The validity of laws in the United States are now decided by Christian Ayatollahs AKA Supreme court justices. We are no different than Muslim Iran. We have lost our republic.,2022-06-25T16:02:16Z,0
after,BQzJTa4FKK4,OMG 😱😱😱😱,2022-06-25T15:10:53Z,0
after,BQzJTa4FKK4,"If you can't handle the decision,  then keep your legs close",2022-06-25T14:29:15Z,0
after,BQzJTa4FKK4,"Ladies just take birth control,
protect yourself and you wouldn’t have this issue,
Of  you’re going to sleep around and be responsible adults!",2022-06-25T12:35:27Z,2
after,BQzJTa4FKK4,"Those people who are for overturning Roe vs Wade…all great & good for the right to life…but what does it do for the right to quality of life after they’re born? As a foster parent who has seen overcrowded shelters and children spending night after night on pallets at DHS offices because there is no where to take the children, seen siblings separated from other siblings because of different needs, seen kids driven to hurt themselves & others from the trauma’s they’ve lived through that resulted in them being taken &  put into the system & more trauma after they are in the system that is supposed to protect them….it’s great you’re fighting for the population of children to keep growing..but what are you willing to do for those kids after they are put in the system? Not to mention the danger to women’s health. I’m disgusted by the whole thing. Disgusted to tears.",2022-06-25T12:15:04Z,1
after,BQzJTa4FKK4,"I feel very happy 😃 for all the babies 👶 who are now safe at last in most mothers wombs. The womb should be the most sacred safe place on the planet 🌎. Tearing apart little babies with abortions, limb 🦵 by limb 🦵 is definitely murder!!

Do you know how many people have gone to prison bc the mother and baby 👶 was killed? If we can put someone in jail for killing someone’s unborn baby, then it’s hypocritical not to do the same to women who choose to murder their babies. All life is sacred from conception, until you take your last breath. 

How can all these women, demand to kill their unborn babies??? Is there any greater abomination, then killing a helpless innocent 😇 baby 👶?",2022-06-25T12:09:33Z,1
after,BQzJTa4FKK4,What about the morning after pill?,2022-06-25T11:07:32Z,0
after,BQzJTa4FKK4,And how is a child a gift from god when gas is $6.50 a gallon and the landlord just raised your rent  $500.00 ? These religious nuts need to stop forcing kids on people .,2022-06-25T09:14:15Z,0
after,BQzJTa4FKK4,No more baby killers woohoo,2022-06-25T08:29:38Z,0
after,BQzJTa4FKK4,praise God,2022-06-25T03:56:17Z,0
after,BQzJTa4FKK4,How long will it take for planned parenthood to send for planes to states like Texas to pick up public school girls without their parents' consent but with the full cooperation of the schools to wisk them off during school hours to the nearest slaughtering state?,2022-06-25T03:56:07Z,2
after,BQzJTa4FKK4,"“Marriage is honorable among all, and the bed undefiled; but fornicators and adulterers *God* will judge.” Hebrews 13:4",2022-06-25T03:45:38Z,0
after,BQzJTa4FKK4,The news reader is so bitter! Just repeating all the Democrat/baby killers language.,2022-06-25T01:44:01Z,0
after,BQzJTa4FKK4,Pro-Life says the Lord God Almighty,2022-06-25T01:31:39Z,0
after,BQzJTa4FKK4,How good was Trump to the USA. I don't live in the state's Aust actually wish we had a leader that loved his country as much as Trump does ..,2022-06-25T00:49:12Z,4
after,BQzJTa4FKK4,"If the mother has no family, no help from anyone & a drug.alcohol problem a abortion is needed. When a woman has plenty of help and is just lazy, if she wants a abortion, give her one,under 1 condition,she also dies.",2022-06-25T00:20:27Z,0
after,BQzJTa4FKK4,"This is the most important day in history that protects the unborn and their rights to life. God is more powerful than Satan and today is God's victory over Satan has finally come to fruition.  This slaughterhouse nation - backed by Planned Parenthood - has murdered 60 million babies for 50 years - people who could have been our leaders, scientists, teachers, doctors and contributors to society.  With today's victorious ruling we finally bring everyone back to their senses and fight for the freedom to live not die by a planned parenthood butcher.     The slaughter of our nation has gone on too long and all the femi-nazis have drunk Satan's Jim Jones Koolaid convincing them abortion is health care which is a lie - abortion/murder is good which is a lie.  The Aztec and Myan civilizations use to throw their babies into boiling oil to sacrifice them to Satan - abortion is the same ritual to honor Satan and now it has come to an end. PRAISE GOD",2022-06-24T23:41:07Z,0
after,BQzJTa4FKK4,"News from the W.H. to all young people,if you are not stable & able to raise a family, no sexual intercourse, solo sex only. Biden did this ,go Joe!",2022-06-24T23:28:52Z,0
after,BQzJTa4FKK4,"Government forcing people to hurt each other, metal coat hangers just went up in value. Another crazy day in the U.S.A.",2022-06-24T23:22:14Z,3
after,BQzJTa4FKK4,"Great ! Now we will have way more  people  to get on section  8 ! 
Over crowding  and less food . 
Real smart . 
We need abortion  to balance  out the population  . But hey . Im sure all the extra  people  wont hurt the food shortage  ......that we are allready in !!!!!!!!",2022-06-24T21:49:42Z,1
after,BQzJTa4FKK4,"Why do we blame Supreme Court when the problem is the citizens who consider the constitution as sacred? That document promises gun owners & sellers the right to sell or own all types of guns; but that right is to others a denial to live in safety. To pro-life, constitution protects the unborn; but to pro-choice, the document gives mothers freedom to control their bodies. So, there is no solution under the constitution.",2022-06-24T21:23:58Z,0
after,BQzJTa4FKK4,Wow… So many women are going to be really upset that they cannot kill their beautiful unborn child 🥀,2022-06-24T20:59:26Z,0
after,BQzJTa4FKK4,"You can't make everyone happy all the time, not matter what the issue.",2022-06-24T20:59:02Z,0
after,BQzJTa4FKK4,Use the 2A for abortion,2022-06-24T19:37:14Z,1
after,BQzJTa4FKK4,Amen and amen,2022-06-24T19:22:21Z,2
after,BQzJTa4FKK4,GOOD STOP THE BABY KILLERS,2022-06-24T19:05:59Z,0
after,BQzJTa4FKK4,"1. the repubs & evangelicals may have just lost the midterms....... lol
2. manchin & collins are stuuuuupid aren't they? .......lmao
3. trump was lucky this didn't occur during his 'vietnam' days ;)
4. the female voter must vote against ALL republicans before these fascists make ya'll handmaidens.",2022-06-24T18:50:11Z,1
after,BQzJTa4FKK4,HAHA!!!!  BABY KILLERS!!!!...HAHA!!!,2022-06-24T18:46:09Z,0
after,BQzJTa4FKK4,Abortion is murder. That's why leftists are triggered seeing the mangled bodies of aborted fetuses. Just listen to former abortion provider Dr Anthony Levatino.,2022-06-24T18:12:12Z,0
after,BQzJTa4FKK4,When people realise that if they don't want a child it is better to prevent one than risk getting pregnant then terminating a pregnancy. Abortion is not and never should be a form of birth control. When abortion was classed as a women's right it was inevitable that it would be used as birth control. Women need to make positive choices and use birth control first.  Praise God for this decision.,2022-06-24T18:09:00Z,0
after,BQzJTa4FKK4,"Progressive Democrats want abortion on demand up to birth, which means they want to murder full-term babies and I don't agree with that. Let's Go, Brandon!",2022-06-24T18:06:06Z,0
after,BQzJTa4FKK4,"Promiscuous men and women  will actually have to practice restraint and careful choosing of partners,and stop murdering the future.",2022-06-24T18:03:17Z,0
after,BQzJTa4FKK4,"Don't let the guy cream pie you, and you won't have that problem",2022-06-24T17:40:57Z,3
after,BQzJTa4FKK4,We have too many people in this world already.  Let them abort.,2022-06-24T17:39:41Z,1
after,BQzJTa4FKK4,Black-market abortions going to skyrocket.,2022-06-24T17:27:26Z,1
after,BQzJTa4FKK4,Baby killing = “Reproductive care”?  😂,2022-06-24T17:27:17Z,6
after,BQzJTa4FKK4,Good!!!,2022-06-24T17:27:12Z,2
after,BQzJTa4FKK4,USA USA USA. Now make prostitution legal. USA USA.,2022-06-24T17:24:47Z,4
after,BQzJTa4FKK4,PRO LIFERS will Quickly/Sooner not Later SEE the DEVASTATING IMPACT of this Republiilluminati WhiteMale decision... when it impacts MANY PPL close 2 them. MORE SO THAN COVID-19,2022-06-24T17:24:13Z,1
after,BQzJTa4FKK4,Good SCOTUS got it right 👏👏👏 leave it to the States or have Congress & the Senate pass a bill.,2022-06-24T17:23:57Z,1
after,BQzJTa4FKK4,"Gun right and now abortion. Talk about a 1,2 punch ✊ to the left. Dems on the ropes. Knockout punch coming in November!",2022-06-24T17:06:02Z,2
after,BQzJTa4FKK4,"Federal / State overreach snuffed out twice in one week, hold on more constitution freedoms are on the way.",2022-06-24T17:03:51Z,7
after,BQzJTa4FKK4,YAY!! Now we will have more unwanted babies being lost in the system which more likely means more deviants and criminals.,2022-06-24T17:02:20Z,3
after,BQzJTa4FKK4,Hurray! The American Taliban unlocked an achievement.,2022-06-24T17:00:20Z,1
after,BQzJTa4FKK4,The Supreme Court has just re-instituted the SLAVERY OF WOMEN AND CHILDREN IN AMERICA. Y 'ALL READY FOR THAT???,2022-06-24T16:58:49Z,0
after,BQzJTa4FKK4,"Pelosi, get a life! Aren't you glad your mama didn't abort you? The Supreme Court justices ruled, not just the 3 that were selected under Trump's administration! There's plenty of free birth control products out there for those not wanting children!",2022-06-24T16:58:05Z,1
after,BQzJTa4FKK4,Thank God! Finally! No more Abortion! 💙,2022-06-24T16:56:45Z,6
after,BQzJTa4FKK4,"Shakey Susan Collens and that Alaska B,  congrats for selling out women!!",2022-06-24T16:55:58Z,2
after,BQzJTa4FKK4,Now that is what victory is supposed to be like,2022-06-24T16:54:25Z,6
after,BQzJTa4FKK4,Hurray! The constitution has been upheld and democracy prevails!,2022-06-24T16:53:29Z,8
after,BQzJTa4FKK4,"wait, so if a girl is raped and gets pregnant, she has to have the child of a rapist?",2022-06-24T16:52:19Z,1
after,BQzJTa4FKK4,Its sickening how much the left cares about killing unborn babies and grooming children. Their agendas are disgusting.,2022-06-24T16:42:48Z,1
after,BQzJTa4FKK4,Republicans Will Never Win Another State Or Federal Election!... This Is The Last Straw #voteblue #everyzip #everyelection,2022-06-24T16:38:45Z,1
after,BQzJTa4FKK4,It never was a “right” per the constitution!!!!!!!!! Good grief!  How about you just don’t get pregnant! Abortion made it too easy to just “get rid of it!” Funny that the ones who are pro abortion have never been aborted. 🤔 the sovereignty of the decision on this ruling belongs to the states!!!!,2022-06-24T16:36:12Z,3
after,BQzJTa4FKK4,"It is the state choice, the peoples choice.",2022-06-24T16:30:36Z,4
after,BQzJTa4FKK4,never constitutional.,2022-06-24T16:29:26Z,6
after,BQzJTa4FKK4,AMEN 🙏 🙏 🙏 PRAISE GOD AND TRUMP...,2022-06-24T16:29:20Z,6
after,BQzJTa4FKK4,FOLKS IT DEFLECTION TIME......THE COURTS ARE TRYING TO SAVE GINNIE THE PIG THOMAS FROM BEING HELD ACCOUNTABLE FOR HER ROLE IN 1/6.....PLEASE DO NOT ALLOW THEM TO DEFLECT US FROM BRINGING BOTH THE CONGRESS AND THE SENATE TO ACCOUNTABILITY FOR 1/6.,2022-06-24T16:28:19Z,0
after,BQzJTa4FKK4,It is a wonderful day.,2022-06-24T16:26:23Z,8
after,BQzJTa4FKK4,Move to  Canada fools,2022-06-24T16:26:03Z,2
after,BQzJTa4FKK4,So  they can abort..I don't get it...,2022-06-24T16:25:03Z,0
after,BQzJTa4FKK4,Always choose life over death. Abortion is and has always been murder. Don’t have to believe in any god or religion to know this. It’s basic science & biology.,2022-06-24T16:23:48Z,1
after,BQzJTa4FKK4,"Kudos to the US Supreme Court Justices for their wisdom, knowledge, and expertise in making this decision. To those pro-choices, you make your choice when you engage in intercourse. Don't even try the rape/incest argument. Here are the stats:  ""Just 1% of women obtain an abortion because they became pregnant through rape, and less than 0.5% do so because of incest, according to the Guttmacher Institute. Yet the battle over exceptions for both has garnered outsized attention in the national abortion debate.""   Here is one source:  https://www.usatoday.com/story/news/nation/2019/05/24/rape-and-incest-account-few-abortions-so-why-all-attention/1211175001/",2022-06-24T16:22:23Z,20
after,BQzJTa4FKK4,"Praise God, so proud of the Supreme Court.",2022-06-24T16:21:57Z,17
after,BQzJTa4FKK4,“Abortion is profoundly anti-women. Three-quarters of its victims are women: Half the babies and all the mothers.” - Mother Theresa,2022-06-24T16:20:26Z,0
after,BQzJTa4FKK4,Hallelujah! Thank you Jesus Christ!,2022-06-24T16:18:35Z,11
after,BQzJTa4FKK4,"Forcing women to have a child that they are not prepared for brings suffering for the child, an un nurtured child brings mental problems and there you go with a problem seem only in the usa",2022-06-24T16:17:50Z,1
after,BQzJTa4FKK4,Crying you can’t murder babies?,2022-06-24T16:16:47Z,1
after,BQzJTa4FKK4,"Victory 💪💪🤝🤝🌟 today God won , America won, Humanity won, women and children won ⭐✝️.",2022-06-24T16:14:23Z,15
after,BQzJTa4FKK4,"To the independent voters out there .. abortions will still be allowed in some states. This issue only affects SOME people. But all the other issues ie: inflation, gas prices, ending fossil fuels, using our tax dollars to support illegals, wasting our tax dollars on God knows what! Etc .. those issues affect MANY Americans .. not just SOME. Remember that at midterms and let's get the house and the senate back to the Republicans who think of Americans first.",2022-06-24T16:14:00Z,11
after,BQzJTa4FKK4,Pro life protect the ones that are here today,2022-06-24T16:13:35Z,6
after,BQzJTa4FKK4,First republicans freed slaves from democrat enslavement and now have freed babies from democrat slaughter!,2022-06-24T16:13:23Z,0
after,BQzJTa4FKK4,If every child deserves to live why do they refuse to deal with the gun violence problem,2022-06-24T16:12:20Z,14
after,BQzJTa4FKK4,Babies are Gods gift to the world. Satan came to kill and destroy. God came to save. Win for the voice for the voiceless. God formed you before you were in your mothers womb.,2022-06-24T16:12:01Z,14
after,BQzJTa4FKK4,It's not rocket science on how to NOT get pregnant.  Figure it out people!  Winning!!,2022-06-24T16:11:59Z,19
after,BQzJTa4FKK4,Use protection simple as that .. great win,2022-06-24T16:11:34Z,14
after,BQzJTa4FKK4,Loudest voices are those who born….,2022-06-24T16:09:27Z,5
after,BQzJTa4FKK4,VICTORY FOR THE BABIES,2022-06-24T16:05:48Z,19
